url,website,description,title,favicon,status
https://api.linear.app/graphql,https://linear.app,"Linear streamlines issues, sprints, and product roadmaps. It’s the new standard for modern software development.",Linear – A better way to build products,https://linear.app/static/apple-touch-icon.png,
https://indexer.tzprofiles.com/v1/graphql,https://tzprofiles.com,,Tezos Profiles,https://tzprofiles.com/favicon.png,
https://murphdog.com/api/graphql,,,,,failed
https://members.luscious.net/graphql/nobatch/,,,,,failed
https://machinebox.io/graphql,,,,,failed
https://www.epicgames.com/graphql,,,,,failed
https://api.cirrus-ci.com/graphql,https://cirrus-ci.com,"Cirrus CI makes your development cycle fast, efficient, and secure by leveraging modern cloud technologies.",Cirrus CI,,
https://faker.graphqleditor.com/a-team/olympus/graphql,https://graphqleditor.com,Work on your GraphQL Schema online. Build your schema using intuitive visual interfaces. Integrate with anything using our GraphQl API.,Aws icon,,
https://api.castle.xyz/graphql,,,,,failed
https://ghe.mycompany.com/api/graphql,,,,,failed
https://api.yelp.com/v3/graphql,,,,,failed
https://api.uniswap.org/v1/graphql,,,,,failed
https://beta.api.uniswap.org/v1/graphql,,,,,failed
https://smartive.cdn.prismic.io/graphql,,,,,failed
https://www.universe.com/graphql/beta,https://universe.com,Universe has the tools and support you need to make your next event a success. Create your event today.,"Sell Tickets, Create Events and Discover Experiences - Universe",https://universe.com/multiverse/assets/apple-touch-icon-57x57-dc48dc1839e5e7401c5b4beccd693ee7.png,
https://5rrx10z19.lp.gql.zone/graphql,,,,,failed
https://m.uber.com/graphql,,,,,failed
https://proxy.berkeley.minaexplorer.com/graphql,https://minaexplorer.com,,Mina Block Explorer,,
https://dev.oasis.sh/graphql,,,,,failed
https://api.mghubcdn.com/graphql,,,,,failed
https://registry.wapm.io/graphql,https://wapm.io,,WAPM - WebAssembly Package Manager,https://wapm.io/favicon.png,
https://analytics.adxpremium.services/graphql,,,,,failed
https://api.stripe.com/graphql,,,,,failed
https://api.sorare.com/sports/graphql,https://sorare.com,"Collect, play and win officially licensed digital cards featuring the world's best global football, NBA and MLB players.",Sorare: Own Your Game,https://sorare.com/favicons/favicon-16x16.png,
https://api.sorare.com/graphql,https://sorare.com,"Collect, play and win officially licensed digital cards featuring the world's best global football, NBA and MLB players.",Sorare: Own Your Game,https://sorare.com/favicons/favicon-16x16.png,
https://api.asrank.caida.org/v2/graphql,https://caida.org,"CAIDA conducts network research and builds research infrastructure to support large-scale data collection, curation, and data distribution to the scientific research community.",CAIDA,https://www.caida.org/favicon-16x16.png,
https://api.cloudflare.com/client/v4/graphql,,,,,failed
https://examples-api.gqty.dev/graphql,,,,,failed
https://gitlab.com/api/graphql,https://gitlab.com,"From planning to production, bring teams together in one application. Ship secure code more efficiently to deliver value faster.",The DevSecOps Platform | GitLab,https://gitlab.com/nuxt-images/ico/apple-touch-icon-180x180.png?cache=2022041,
https://hackerone.com/graphql,,,,,failed
https://qwerty.cdn.prismic.io/graphql,,,,,failed
https://api.zora.co/graphql,https://zora.co,Discover. Create. Collect. Enjoy.,ZORA - Enjoy Ethereum,https://zora.co/icon-ios.png,
https://naver.com/test/api/graphql,,,,,failed
https://jsonplaceholder.ir/graphql,https://jsonplaceholder.ir,RTL fake REST/GraphQL API for testing and prototyping.,jsonplaceholder | RTL fake REST/GraphQL API for testing and prototyping.,,
https://devnet.evercloud.dev/,,,,,failed
https://stats.lowmess.com/graphql,https://lowmess.com,"My name is Alec Lomas, and I make websites",Go to homepage,https://lowmess.com/favicon-16x16.png,
https://nba.rickyg.io/v1/graphql,,,,,failed
https://examples-api.gqless.com/graphql,,,,,failed
https://api.tsinghua.app/v1/graphql,https://tsinghua.app,星期四大学信息化建设推进计划,星期四 Thursday,https://tsinghua.app/apple-touch-icon.png,
https://acm.uestc.edu.cn/graphql,,,,,failed
https://leetcode-cn.com/graphql,,,,,failed
https://mainnet.eth.dfuse.io/graphql,,,,,failed
https://foo.cdn.prismic.io/graphql,,,,,failed
https://singularity.morningbrew.com/graphql,https://morningbrew.com,,,,failed
https://leetcode.com/graphql,,,,,failed
https://www.zaproxy.org/docs/desktop/addons/graphql-support/,,,,,failed
https://your.domain/graphql,,,,,failed
https://api.spacex.land/graphql/,,,,,failed
https://graphql.github.io/graphql-spec/June2018/,,,,,failed
https://vglist.co/graphql,,,,,failed
https://api.opencollective.com/graphql/v2,https://opencollective.com,Open Collective is a legal and financial toolbox for groups. It’s a fundraising + legal status + money management platform for your community. What do you want to do?,Loading,,
https://www.gjtorikian.com/graphql-docs,,,,,failed
https://hub.snapshot.org/graphql,https://snapshot.org,,Snapshot,https://snapshot.org/favicon.png,
https://your.domain/graphql/endpoint,,,,,failed
https://newnext.ru/graphql,https://newnext.ru,"newnext - международная глобальная бизнес-сеть, выполняющая функции площадки для бизнеса, объединив пользователей в бизнес-сообщество заинтересованных людей.",newnext,,
https://api.thegraph.com/index-node/graphql,https://thegraph.com,The Graph is an indexing protocol for organizing blockchain data and making it easily accessible with GraphQL.,The Graph,https://storage.googleapis.com/graph-web/favicon.png,
https://www.paypal.com/graphql,,,,,failed
https://www.paypal.com/targeting/graphql,,,,,failed
https://graphql-demo.commonsware.com/0.3/graphql,,,,,failed
https://api.jumpstart.id/graphql,,,,,failed
https://www.walmart.com/terra-firma/graphql,,,,,failed
https://leetcode.cn/graphql,,,,,failed
https://leetcode.cn/graphql/noj-go/,https://leetcode.cn,,力扣,,
https://www.tf1.fr/graphql/web,https://tf1.fr,"Regardez en replay ou en direct les programmes des chaînes TF1, TMC, TFX et TF1 Séries Films. Découvrez également nos vidéos et news exclusives !","MYTF1 : TF1, TMC, TFX et TF1 Séries Films en replay ou en direct",https://tf1.fr/public/2.48.1/favicon-512x512.png,
https://www.facebook.com/api/graphql/,,,,,failed
https://app.shopify.com/services/graphql/introspection/storefront,,,,,failed
https://leetcode.com/graphql/,,,,,failed
https://api.spacex.land/graphql,,,,,failed
https://your-instance.cloud.dgraph.io/graphql,,,,,failed
https://data.naviapp.io/graphql,,,,,failed
https://data.rcsb.org/graphql,https://rcsb.org,"As a member of the wwPDB, the RCSB PDB curates and annotates PDB data according to agreed upon standards. The RCSB PDB also provides a variety of tools and resources. Users can perform simple and advanced searches based on annotations relating to sequence, structure and function. These molecules are visualized, downloaded, and analyzed by users who range from students to specialized scientists.",RCSB PDB: Homepage,https://rcsb.org/img/rcsb-apple-touch-icon.jpg,
https://graphql.dev.hedvigit.com/graphql,https://hedvigit.com,,,,failed
https://graphqlplayground.azurewebsites.net/api/graphql,,,,,failed
https://mobileqa.beta.instructure.com/api/graphql/,,,,,failed
https://app.segment.com/gateway-api/graphql,https://segment.com,"Twilio Segment is a customer data platform (CDP) that helps you collect, clean, and activate your customer data.",Twilio Segment ranked #1 CDP for worldwide market share (IDC 2020),https://segment.com/_next/static/images/favicon-16x16-34494a07d899bde300ee54030b1a6e1a.png,
https://api.url/graphql,,,,,failed
https://superheroes.org/graphql,,,,,failed
https://figgy.princeton.edu/graphql,https://princeton.edu,"Through teaching and research, we educate people who will contribute to society and develop knowledge that will make a difference in the world.",Princeton University,https://princeton.edu/profiles/contrib/lightning/favicon.ico,
https://workshop.chillicream.com/graphql,https://chillicream.com,We help companies and developers to build next level APIs with GraphQL by providing them the right tooling.,Home - ChilliCream GraphQL Platform,https://chillicream.com/icons/icon-512x512.png?v=d8d16879bcc63b3adfe3ede735f84bd3,
https://demo.wpgraphql.com/graphql,https://wpgraphql.com,,,https://wpgraphql.com/favicons/favicon-16x16.png?v=4,
https://graphql.api.apollographql.com/api/graphql,https://apollographql.com,"Apollo Graph Platform — unify APIs, microservices, &amp; databases into a graph that you can query with GraphQL","Apollo GraphQL | Supergraph: unify APIs, microservices, &amp; databases in a composable graph",,
https://graphql-dot-confetti-349319.uw.r.appspot.com/graphql,https://appspot.com,"Google Cloud Platform lets you build, deploy, and scale applications, websites, and services on the same infrastructure as Google.",Google Cloud Platform,,
https://decide.madrid.es/graphql,,,,,failed
https://data.c3voc.de/graphql,https://c3voc.de,CCC Video Operation Center (C3VOC) is a working group consisting of Chaos Computer Club enthusiasts running lecture recording and streaming infrastructure on and for different chaos events or conferences.,CCC Video Operation Center,https://c3voc.de/images/apple-touch-icon.png,
https://brainly.co.id/graphql/id,https://co.id,,,,failed
https://content.wpgraphql.com/graphql,https://wpgraphql.com,,,https://wpgraphql.com/favicons/favicon-16x16.png?v=4,
https://www.mixcloud.com/graphql,https://mixcloud.com,,Mixcloud,https://mixcloud.com/media/client/www/9d95755ec10b665a51b7.png,
https://tarkov-tools.com/graphql,,,,,failed
https://simpleicons.org/icons/graphql.svg,,,,,failed
https://test-graphql.biz/graphql,,,,,failed
https://api.datacite.org/graphql,https://datacite.org,"DataCite - ",Welcome to DataCite,https://datacite.org/images/favicon.ico,
https://arweave.net/graphql,https://arweave.net,,,,
https://graphql.anilist.co/,https://anilist.co,,AniList,https://anilist.co/img/icons/apple-touch-icon.png,
https://graph.facebook.com/graphql,,,,,failed
https://mycelium.truffle.vip/graphql,https://truffle.vip,Websites for creators,Home | Truffle,https://cdn.bio/ugc/file/094ee050-61d3-11eb-ae77-b305acd7f0af/7eed5dc0-a19f-11ec-9de4-154cb702c166.small.png,
https://api.hifumin.app/v1/graphql,https://hifumin.app,,,,failed
https://api.remote.it/graphql/v1,,,,,failed
https://hdapi.teztools.io/v1/graphql,,,,,failed
https://smelt.suse.de/graphql/,,,,,failed
https://docs.shiney.dev/graphql/latest,,,,,failed
https://api.devprtcl.com/v1/graphql,,,,,failed
https://quote.cnbc.com/quote-html-webservice/quote.htm,,,,,failed
https://api.svt.se/contento/graphql,https://svt.se,"SVT:s nyhetstjänst med nyheter från hela Sverige och världen inom kultur, sport och väder.",SVT Nyheter,https://www.svtstatic.se/news/news-render/dist/news-icon-16x16-00d0a8d2e094e9c0dc8b.png,
https://contento-search.svt.se/graphql,https://svt.se,"SVT:s nyhetstjänst med nyheter från hela Sverige och världen inom kultur, sport och väder.",SVT Nyheter,https://www.svtstatic.se/news/news-render/dist/news-icon-16x16-00d0a8d2e094e9c0dc8b.png,
https://graphql.tv4play.se/graphql,https://tv4play.se,"Se de bästa serierna på TV4 Play. Streama direkt i din TV, mobil eller surfplatta.",TV4 Play - Streama dina favoritprogram när du vill,https://tv4play.se/static/tv4/apple-touch-icon.png,
https://www.lego.com/api/graphql/AccountOrderDetails,,,,,failed
https://laughing-train.keksdose.xyz/graphql,https://keksdose.xyz,,,,failed
https://senior-bff.ketnet.be/graphql,https://ketnet.be,,Ketnet,https://ketnet.be/logo192.png,
https://graph.kijk.nl/graphql,https://kijk.nl,,Gratis films en programma’s kijken? Ga lekker kijken! | KIJK,https://kijk.nl/static/favicons/favicon-32x32.png,
https://graph.kijk.nl/graphql-video,,,,,failed
https://serve.onegraph.com/graphql,,,,,failed
https://kitsu.io/api/graphql,https://kitsu.io,,,https://kitsu.io/favicon-194x194-2f4dbec5ffe82b8f61a3c6d28a77bc6e.png,
https://api.tarkov.dev/graphql,https://tarkov.dev,"Checkout all information for items, crafts, barters, maps, loot tiers, hideout profits, trader details, a free API, and more with tarkov.dev! A free, community made, and open source ecosystem of Escape from Tarkov tools and guides.",Tarkov.dev,https://tarkov.dev/favicon-16x16.png,
https://gateway.qa.braintreepayments.com/,,,,,failed
https://api.braintreegateway.com/,,,,,failed
https://api.sandbox.braintreegateway.com/,,,,,failed